sample,sample_code,species,region,sample_type,order,sex,country,latitude,longitude,singlem_fraction,reads_post_fastp,host_reads,reads_lost_fastp_percent,metagenomic_bases,host_bases,bases_lost_fastp_percent,diversity,C,season,type,richness,neutral,phylogenetic,functional
EHI01438,AAP52E1L1I1,Lissotriton helveticus,Irun,Faecal,Urodela,Male,recIUTmSxiyqoU5lQ,43.326249,-1.77319,0.7398,26984894,8908,0.01903797219502467,4011436320,1443667,0.02748481196293917,18.6069989115186,0.841149696171636,spring,natural,206,64.9519929738724,8.370728748599504,1.6460426666996084
EHI02583,AGO25E1L1I1,Lissotriton helveticus,Irun,Faecal,Urodela,Male,recIUTmSxiyqoU5lQ,43.326249,-1.77319,0.5578,26804796,17156,0.02565549838727587,3933655550,2688647,0.04610221623471067,20.9027194101791,0.503464916394139,autumn,natural,81,8.770445512129886,3.6479434183195454,1.3886871024233975
EHI01612,AAP90E1L1I1,Lissotriton helveticus,Eskoriatza,Faecal,Urodela,Male,recIUTmSxiyqoU5lQ,42.967698,-2.504041,0.6203,21040786,2885,0.01773987026060852,3118261463,396947,0.02939816842094389,18.8906989040182,0.860769461267073,spring,protected,195,95.73560676615058,6.533591365834444,1.6247341077543012
EHI02095,AGO69E1L1I1,Lissotriton helveticus,Villabona,Faecal,Urodela,Male,recIUTmSxiyqoU5lQ,43.163074,-2.013934,0.447,44844212,84398,0.05133392261879677,6588765141,13513952,0.06887155486461471,19.3408656559472,0.861390588280386,autumn,natural,193,89.70337256636425,8.605710030994063,1.4947091119157458
EHI02596,AGO46E1L1I1,Lissotriton helveticus,Orio,Faecal,Urodela,Male,recIUTmSxiyqoU5lQ,43.284951,-2.123305,0.7334,32464476,3069,0.02422902629619738,4794661304,402096,0.03917876619160243,18.1860261550713,0.886192299890703,autumn,urban,161,53.618138303891406,4.5700474092436805,1.580988650587103
EHI02588,AGP24E1L1I1,Lissotriton helveticus,Zarautz,Faecal,Urodela,Male,recIUTmSxiyqoU5lQ,43.288526,-2.189324,0.5884,36141706,4282,0.02355979030707022,5324192422,620576,0.04093043821400166,18.9627651328132,0.862373180913188,autumn,protected,265,106.04786710012212,4.017461452099227,1.4943161430857157
EHI02635,AGP42E1L1I1,Lissotriton helveticus,Oñati,Faecal,Urodela,Male,recIUTmSxiyqoU5lQ,43.064204,-2.3987,0.6634,41270908,11425,0.0272862477328396,6056942386,1240215,0.04809823427544724,18.8579007518266,0.890795461992082,autumn,natural,289,127.45026581486552,7.053559070891734,1.4983071426792574
EHI02643,AGO33E1L1I1,Lissotriton helveticus,Orio,Faecal,Urodela,Male,recIUTmSxiyqoU5lQ,43.284951,-2.123305,0.3274,46721146,9996,0.02903480488172372,6881602907,1865962,0.0463121069448702,21.1767418108349,0.594074877247479,autumn,urban,19,9.20281437217714,3.3762542514587137,1.4469970062953812
EHI02593,AGO12E1L1I1,Lissotriton helveticus,Usurbil,Faecal,Urodela,Male,recIUTmSxiyqoU5lQ,43.294316,-2.046839,0.6489,35835716,6208,0.03530952337624316,5285706629,1047289,0.05121077959431419,18.7134255178378,0.865950413506047,autumn,natural,199,83.39187805735747,7.199462203196942,1.507651685638873
EHI01585,AAP03E1L1I1,Lissotriton helveticus,Orio,Faecal,Urodela,Male,recIUTmSxiyqoU5lQ,43.284951,-2.123305,0.5197999999999999,69550978,67106,0.02733460396656739,10280510481,10705116,0.04052062892904795,19.5662796711918,0.865626110352979,spring,urban,268,103.47535793894443,6.678513443176619,1.5509950000415633
EHI02608,AGP53E1L1I1,Lissotriton helveticus,Oñati,Faecal,Urodela,Male,recIUTmSxiyqoU5lQ,43.064204,-2.3987,0.5947,23221422,4910,0.02787654938909423,3416148534,868246,0.04635121169037615,18.8027643055952,0.777095417117626,autumn,natural,177,75.71744359501334,5.197242106494576,1.4780702295249635
EHI02104,AGO69E2L1I1,Lissotriton helveticus,Villabona,Faecal,Urodela,Male,recIUTmSxiyqoU5lQ,43.163074,-2.013934,0.4918,25164166,52075,0.07656829147839328,3548643728,7010599,0.13013768597408082,19.511002448251,0.831323729093125,autumn,natural,57,39.86125863132433,6.746538550050742,1.5183901484652522
EHI02611,AGP51E1L1I1,Lissotriton helveticus,Oñati,Faecal,Urodela,Male,recIUTmSxiyqoU5lQ,43.064204,-2.3987,0.5943999999999999,22237702,1720,0.02687000300371156,3278120539,280047,0.04357325158663416,18.8329857624231,0.807172379666758,autumn,natural,190,106.28252325177539,4.157871617578938,1.4520632025066433
EHI01631,AAP85E1L1I1,Lissotriton helveticus,Oñati,Faecal,Urodela,Male,recIUTmSxiyqoU5lQ,43.064204,-2.3987,0.6418,17466692,8786,0.02266405203567778,2579726868,1705834,0.0370521688116362,18.7926645107778,0.817863858710863,spring,natural,196,100.63313026588497,4.966208707105047,1.4743464675606497
EHI02597,AGO45E1L1I1,Lissotriton helveticus,Orio,Faecal,Urodela,Male,recIUTmSxiyqoU5lQ,43.284951,-2.123305,0.4808,28109296,19258,0.02295491277594741,4142180884,3302624,0.03938675763829602,19.8957328298433,0.710256485878866,autumn,urban,205,105.27317766371564,5.2367275616903335,1.4917522416957776
EHI01450,AAP37E1L1I1,Lissotriton helveticus,Irun,Faecal,Urodela,Male,recIUTmSxiyqoU5lQ,43.326249,-1.77319,0.7778,20757712,5071,0.02050845367008658,3082906760,808493,0.02992744042885198,17.9578834077636,0.843955130254305,spring,natural,145,31.493545660437018,6.251816524520301,1.6440121344547585
EHI01610,AAO82E1L1I1,Lissotriton helveticus,Orio,Faecal,Urodela,Male,recIUTmSxiyqoU5lQ,43.284951,-2.123305,0.7109000000000001,19964590,15147,0.01865802157001028,2953302267,2231717,0.03148872840175887,19.1935097023523,0.763596055719873,spring,urban,211,80.57876381259253,8.8628274596224,1.5231378772598017
EHI02641,AGO88E1L1I1,Lissotriton helveticus,Zarautz,Faecal,Urodela,Male,recIUTmSxiyqoU5lQ,43.288526,-2.189324,0.5529,57184438,47127,0.0369672150003737,8368019812,6973676,0.05972165561285814,19.9906477964991,0.734675949438475,autumn,protected,182,82.59146193600053,4.7888462296857135,1.518074888084748
EHI01436,AAP17E1L1I1,Lissotriton helveticus,Zarautz,Faecal,Urodela,Male,recIUTmSxiyqoU5lQ,43.288526,-2.189324,0.4697,13900304,13804,0.03840512116245565,2062930037,2155664,0.04761035708655947,20.8547025040643,0.46157686170638,spring,protected,7,6.11752518334603,2.6134842022164317,1.42161278714016
EHI02571,AGO32E1L1I1,Lissotriton helveticus,Usurbil,Faecal,Urodela,Male,recIUTmSxiyqoU5lQ,43.294316,-2.046839,0.5354,25519882,5386,0.01586986592707451,3756003743,830065,0.03416132327551802,18.6878771867862,0.838213267369089,autumn,natural,188,92.56098444165733,7.432481900135389,1.50239993985944
EHI01437,AAP06E1L1I1,Lissotriton helveticus,Zarautz,Faecal,Urodela,Male,recIUTmSxiyqoU5lQ,43.288526,-2.189324,0.7356999999999999,34608962,11072,0.02080421970496382,5152975041,1776019,0.02770646777880536,19.2961069574188,0.836279900801785,spring,protected,298,124.37594434027241,5.7987540221290965,1.5496068164503762
EHI01440,AAP82E1L1I1,Lissotriton helveticus,Eskoriatza,Faecal,Urodela,Male,recIUTmSxiyqoU5lQ,42.967698,-2.504041,0.7471,23221294,2380,0.01709274436455576,3461742904,412702,0.02302950465024955,17.5602574430975,0.920680596222533,spring,protected,134,40.66178708601164,5.087025760266003,1.689454052694069
EHI02586,AGO38E1L1I1,Lissotriton helveticus,Usurbil,Faecal,Urodela,Male,recIUTmSxiyqoU5lQ,43.294316,-2.046839,0.5802,27651778,4059,0.02359120332368658,4079262048,634686,0.03956819446750437,19.0812445194595,0.816289395401474,autumn,natural,172,82.48317436332253,4.370069673803008,1.4670098913925749
EHI02628,AGP60E1L1I1,Lissotriton helveticus,Oñati,Faecal,Urodela,Male,recIUTmSxiyqoU5lQ,43.064204,-2.3987,0.654,16302210,5346,0.0339952038141943,2390103441,620136,0.0555675409503843,18.8812136871449,0.802432938233246,autumn,natural,163,92.23166758748974,4.704136045815234,1.4649574336398763
EHI01451,AAP01E1L1I1,Lissotriton helveticus,Orio,Faecal,Urodela,Male,recIUTmSxiyqoU5lQ,43.284951,-2.123305,0.6501,28949428,33807,0.02543112816301818,4294808146,6054971,0.03475644588211435,19.3285081160518,0.825899444405135,spring,urban,254,122.67626502263336,6.476633445069732,1.5239680687848765
EHI02591,AGO97E1L1I1,Lissotriton helveticus,Zarautz,Faecal,Urodela,Male,recIUTmSxiyqoU5lQ,43.288526,-2.189324,0.0279,35825728,31815,0.02318999352441975,5248845859,5870858,0.04484660291060294,19.5728982193423,0.68249912914743,autumn,protected,6,5.037647530645393,2.2901725054938167,1.642928066192215
EHI02620,AGO06E1L1I1,Lissotriton helveticus,Donostia,Faecal,Urodela,Male,recIUTmSxiyqoU5lQ,43.280226,-2.009986,0.621,21156352,4883,0.02945737771233381,3116754100,669926,0.0465927556960628,19.5695222836026,0.752731598913007,autumn,urban,284,166.13418555658828,5.917829463848478,1.479306583632907
EHI01449,AAO94E1L1I1,Lissotriton helveticus,Usurbil,Faecal,Urodela,Male,recIUTmSxiyqoU5lQ,43.294316,-2.046839,0.5856,16605462,4339,0.02353310880414039,2469268928,712056,0.03170227853968754,20.458044126563,0.552126676403791,spring,natural,23,9.534178991903799,2.4933366425014136,1.442472715200099
EHI02581,AGO20E1L1I1,Lissotriton helveticus,Donostia,Faecal,Urodela,Male,recIUTmSxiyqoU5lQ,43.280226,-2.009986,0.6822,31506080,33230,0.03939752883156877,4600169730,4222759,0.06409793429019328,18.1828379171975,0.837525483093175,autumn,urban,147,37.34358427556817,4.320978344906411,1.4929219299855336
EHI02115,AAQ18E1L1I1,Lissotriton helveticus,Aia,Faecal,Urodela,Male,recIUTmSxiyqoU5lQ,43.260047,-2.151175,0.5432,28632896,22755,0.14736477495088984,4104806509,3428911,0.18442846719930683,18.7771819468409,0.955938408900694,autumn,protected,8,5.4368266139396875,3.518856536733467,1.339036896735396
EHI01619,AGO81E1L1I1,Lissotriton helveticus,Donostia,Faecal,Urodela,Male,recIUTmSxiyqoU5lQ,43.280226,-2.009986,0.4952,31727598,9419,0.02897758809765094,4685314810,1610432,0.04371173367891656,19.8754977234269,0.740658337688869,spring,urban,324,176.5600698572225,6.419515205083279,1.53370594104823
EHI02610,AGP43E1L1I1,Lissotriton helveticus,Oñati,Faecal,Urodela,Male,recIUTmSxiyqoU5lQ,43.064204,-2.3987,0.5868,27912668,2261,0.02309277533638476,4105220256,359149,0.04206692526976241,18.7523162772926,0.838194679302178,autumn,natural,225,62.02479853742402,7.201166419870853,1.5104779315194516
EHI02609,AGO09E1L1I1,Lissotriton helveticus,Donostia,Faecal,Urodela,Male,recIUTmSxiyqoU5lQ,43.280226,-2.009986,0.6331,31669610,4220,0.01921094285432023,4661246383,620091,0.0374983833453133,19.3667883641046,0.825573694938881,autumn,urban,343,167.11805413258418,9.077283004953724,1.5405721214162824
EHI01439,AAP07E1L1I1,Lissotriton helveticus,Zarautz,Faecal,Urodela,Male,recIUTmSxiyqoU5lQ,43.288526,-2.189324,0.6984,21253600,3504,0.02195268378123682,3161937387,553848,0.0297906974325568,19.0087313554368,0.822101385102888,spring,protected,209,101.42236481190544,6.701542355569787,1.5373749505218406
EHI02128,AAQ18E2L1I1,Lissotriton helveticus,Aia,Faecal,Urodela,Male,recIUTmSxiyqoU5lQ,43.260047,-2.151175,0.4161,34586276,51763,0.1216661240506548,4931716843,7418441,0.1637897379037685,17.3177431039468,0.988018264568206,autumn,protected,1,1,1,1
EHI01617,AAQ20E1L1I1,Lissotriton helveticus,Aia,Faecal,Urodela,Male,recIUTmSxiyqoU5lQ,43.260047,-2.151175,0.591,16402812,3526,0.02909688461007109,2428592048,600034,0.04142039373316086,18.9249615720197,0.786076509609623,spring,protected,159,69.87081860249559,7.529959339129502,1.627984529258619
EHI02572,AGO07E1L1I1,Lissotriton helveticus,Usurbil,Faecal,Urodela,Male,recIUTmSxiyqoU5lQ,43.294316,-2.046839,0.5611999999999999,33155320,7321,0.02714861492886267,4880002446,1104376,0.04518258659286511,21.876731237983,0.424027121426191,autumn,natural,31,21.286741269387612,4.6501168523071215,1.554406853576324
EHI02626,AGP44E1L1I1,Lissotriton helveticus,Oñati,Faecal,Urodela,Male,recIUTmSxiyqoU5lQ,43.064204,-2.3987,0.6504000000000001,24015624,3414,0.03399687556489506,3528358847,600853,0.05367547498645864,17.2373195010464,0.879163057094924,autumn,natural,41,14.7793493618182,2.52015007860249,1.4283773872932044
EHI01613,AAP49E1L1I1,Lissotriton helveticus,Irun,Faecal,Urodela,Male,recIUTmSxiyqoU5lQ,43.326249,-1.77319,0.7190000000000001,21447652,21018,0.02184306218803866,3167741867,3535185,0.03578982285561638,18.1019355697074,0.830179603434453,spring,natural,141,36.9371014582453,7.330574859997328,1.8124214554688582
EHI01620,AAP88E1L1I1,Lissotriton helveticus,Oñati,Faecal,Urodela,Male,recIUTmSxiyqoU5lQ,43.064204,-2.3987,0.3884,18673426,16104,0.03633401811421588,2752488903,2882104,0.05203708310041699,19.5401590728312,0.693614565634277,spring,natural,150,97.5619850199617,5.377430321300084,1.5227589296787456
EHI02606,AGO23E1L1I1,Lissotriton helveticus,Irun,Faecal,Urodela,Male,recIUTmSxiyqoU5lQ,43.326249,-1.77319,0.7299,36919162,5682,0.01964946415138913,5435331711,840830,0.03765337116177325,15.2603383192318,0.959600561684017,autumn,natural,25,2.7385700044135284,1.4315252213610403,1.1758833921178837
EHI01618,AAP86E1L1I1,Lissotriton helveticus,Oñati,Faecal,Urodela,Male,recIUTmSxiyqoU5lQ,43.064204,-2.3987,0.4261,19810942,10287,0.03612336645031966,2923106168,1938639,0.0512373274819089,19.598199820478,0.707565665982226,spring,natural,203,128.996013414379,6.936683174199623,1.5250383282538527
EHI01447,AAO96E1L1I1,Lissotriton helveticus,Usurbil,Faecal,Urodela,Male,recIUTmSxiyqoU5lQ,43.294316,-2.046839,0.8206,16123408,5777,0.02157849384064569,2397840255,928745,0.02956530533810708,17.262979923079,0.825136240944234,spring,natural,111,16.28465422426856,4.032884391103332,1.541000766180301
EHI02604,AGP63E1L1I1,Lissotriton helveticus,Aia,Faecal,Urodela,Male,recIUTmSxiyqoU5lQ,43.260047,-2.151175,0.7827,18923946,239,0.03045260532022975,2794213584,33019,0.0455991528646833,18.5455719246911,0.853720884617656,autumn,protected,162,92.61001667227873,4.609974042888154,1.6244725036684404
EHI01444,AAO92E1L1I1,Lissotriton helveticus,Zarautz,Faecal,Urodela,Male,recIUTmSxiyqoU5lQ,43.288526,-2.189324,0.5692,27854448,47442,0.02636674183243403,4128919564,8828658,0.0357855274765182,18.6822392073483,0.825824988448631,spring,protected,113,55.50622180609317,6.592890405410427,1.6102625208564492
EHI01627,AAQ17E1L1I1,Lissotriton helveticus,Aia,Faecal,Urodela,Male,recIUTmSxiyqoU5lQ,43.260047,-2.151175,0.637,22018154,5153,0.01930064126724462,3251961390,652453,0.03417991352790583,19.099671466985,0.818730157862558,spring,protected,255,137.19322050365594,8.506691079223193,1.5478420748813462
EHI02085,AGO69E3L1I1,Lissotriton helveticus,Villabona,Faecal,Urodela,Male,recIUTmSxiyqoU5lQ,43.163074,-2.013934,0.2724,28399010,138608,0.05949161365138555,3931649651,18462021,0.12787730874431946,19.979887199748,0.685511622745678,autumn,natural,119,69.4544115350817,8.416795299642727,1.4966209199711833
EHI02616,AGP26E1L1I1,Lissotriton helveticus,Aia,Faecal,Urodela,Male,recIUTmSxiyqoU5lQ,43.260047,-2.151175,0.6956,19459858,1659,0.03117228411612793,2865528339,239190,0.04883341239343808,17.1030258007895,0.939152670230694,autumn,protected,48,19.80135186035576,2.783610998105246,1.4160266274479771
EHI02594,AGO13E1L1I1,Lissotriton helveticus,Irun,Faecal,Urodela,Male,recIUTmSxiyqoU5lQ,43.326249,-1.77319,0.5342,20670374,8093,0.02425349426109047,3028379223,1254245,0.04657288088718847,21.0885263114871,0.464495461834863,autumn,natural,53,13.033306444688412,4.341358712131912,1.425308188192654
EHI02642,AGP41E1L1I1,Lissotriton helveticus,Irun,Faecal,Urodela,Male,recIUTmSxiyqoU5lQ,43.326249,-1.77319,0.5771000000000001,46764592,4775,0.02958431357966307,6876145832,765507,0.04864451898600497,21.8878242079225,0.479846472067243,autumn,natural,85,34.041610485029956,10.48567654718078,1.6358163393965646
EHI02646,AGO34E1L1I1,Lissotriton helveticus,Orio,Faecal,Urodela,Male,recIUTmSxiyqoU5lQ,43.284951,-2.123305,0.5367000000000001,52031904,53061,0.02598840401413626,7654399287,8032777,0.04375365752649296,21.254864572004,0.635298046669304,autumn,urban,51,23.567449730447944,8.229600694179037,1.584748695222862
EHI02613,AGP34E1L1I1,Lissotriton helveticus,Zarautz,Faecal,Urodela,Male,recIUTmSxiyqoU5lQ,43.288526,-2.189324,0.6343,23299054,9472,0.01994315776030841,3427484227,1431597,0.03843523295691176,18.1163338668189,0.899708898406036,autumn,protected,105,41.38859276425717,2.808799061338765,1.4354979098979377
EHI01625,AAP81E1L1I1,Lissotriton helveticus,Eskoriatza,Faecal,Urodela,Male,recIUTmSxiyqoU5lQ,42.967698,-2.504041,0.6331,27957996,23779,0.02023170307500388,4141361957,4361014,0.03144037104340258,18.7673482394902,0.857904315044854,spring,protected,213,94.05996297692612,6.144883457567681,1.5206222928754802
EHI02109,AAQ18E3L1I1,Lissotriton helveticus,Aia,Faecal,Urodela,Male,recIUTmSxiyqoU5lQ,43.260047,-2.151175,0.3762,37890734,70128,0.12016988078242574,5167299078,8847543,0.1987258769488649,20.2431939651054,0.771608418814394,autumn,protected,15,8.921451997323265,4.006908214185962,1.3758433247871382
EHI02579,AGO24E1L1I1,Lissotriton helveticus,Usurbil,Faecal,Urodela,Male,recIUTmSxiyqoU5lQ,43.294316,-2.046839,0.5549000000000001,27405650,1684,0.02129858045413379,4029585276,316117,0.0405700493732829,18.9496299182186,0.838696543518898,autumn,natural,153,64.83872010544417,4.6724761125299645,1.4653038890158707
EHI01448,AGO82E1L1I1,Lissotriton helveticus,Donostia,Faecal,Urodela,Male,recIUTmSxiyqoU5lQ,43.280226,-2.009986,0.6978,35222208,8837,0.02257813959051313,5237386393,1447619,0.03081016643712664,18.9392735046632,0.905403605552628,spring,urban,280,142.2957379000912,6.520822043939126,1.512558744512841
EHI02599,AGP61E1L1I1,Lissotriton helveticus,Zarautz,Faecal,Urodela,Male,recIUTmSxiyqoU5lQ,43.288526,-2.189324,0.5314,33169034,17659,0.03082085290131953,4885223653,2994709,0.04779473872824291,18.6412625414697,0.868998306118332,autumn,protected,151,55.67995248377754,4.163514626533611,1.546548787671062
EHI02589,AGO37E1L1I1,Lissotriton helveticus,Usurbil,Faecal,Urodela,Male,recIUTmSxiyqoU5lQ,43.294316,-2.046839,0.5908,28451480,7041,0.0224433946861069,4185843002,1172553,0.04092986554834965,19.1026218020732,0.809242731353414,autumn,natural,186,82.7209599144784,4.137971369919825,1.478907692138415
EHI01623,AAP80E1L1I1,Lissotriton helveticus,Eskoriatza,Faecal,Urodela,Male,recIUTmSxiyqoU5lQ,42.967698,-2.504041,0.6978,25052302,752,0.02356891937135308,3709388615,111578,0.0361308162304701,18.3852213839209,0.890619880412952,spring,protected,193,67.36219549403475,6.640099332405451,1.6398762978044414
EHI01628,AAP87E1L1I1,Lissotriton helveticus,Oñati,Faecal,Urodela,Male,recIUTmSxiyqoU5lQ,43.064204,-2.3987,0.5001,21017784,13665,0.02528217160719537,3101183225,2521283,0.04042020858440065,19.3746368457096,0.755022046441676,spring,natural,243,138.38936378204488,5.293387730079418,1.4774419373382295
EHI02634,AGP07E1L1I1,Lissotriton helveticus,Zarautz,Faecal,Urodela,Male,recIUTmSxiyqoU5lQ,43.288526,-2.189324,0.5061,38733832,7010,0.0310676568060475,5715927331,1091891,0.0465863140251952,18.5284782227946,0.859286002452205,autumn,protected,122,36.12927579678326,3.2627970096809387,1.458806108562474
EHI01611,AAO95E1L1I1,Lissotriton helveticus,Usurbil,Faecal,Urodela,Male,recIUTmSxiyqoU5lQ,43.294316,-2.046839,0.5895,21564542,12079,0.02512601751383725,3187394291,2113926,0.03874036132118175,20.8121851653801,0.542772356924385,spring,natural,139,72.55636702353158,6.910344587731327,1.517739862708269
EHI02640,AGP62E1L1I1,Lissotriton helveticus,Oñati,Faecal,Urodela,Male,recIUTmSxiyqoU5lQ,43.064204,-2.3987,0.5977,30562312,16710,0.02196082276569833,4482784875,2568987,0.04308029209413711,18.3895349295358,0.84652755622487,autumn,natural,240,53.00954173358113,6.937906152301814,1.4238350127281827
EHI02636,AGP35E1L1I1,Lissotriton helveticus,Aia,Faecal,Urodela,Male,recIUTmSxiyqoU5lQ,43.260047,-2.151175,0.7545000000000001,51316508,2517,0.02408405710767136,7548440779,408731,0.04292752638794217,17.5582972089572,0.929879525185922,autumn,protected,104,23.422927710603034,4.50151093902503,1.5216307625857657
EHI02578,AGO22E1L1I1,Lissotriton helveticus,Donostia,Faecal,Urodela,Male,recIUTmSxiyqoU5lQ,43.280226,-2.009986,0.6655,32014256,2339,0.02204245048407804,4721594309,370817,0.03836977219927662,18.8954837631562,0.858822372244966,autumn,urban,253,94.86022535188829,4.743509009733111,1.4831444097872968
EHI01616,AGO80E1L1I1,Lissotriton helveticus,Donostia,Faecal,Urodela,Male,recIUTmSxiyqoU5lQ,43.280226,-2.009986,0.6271,22643510,5289,0.02508820421614988,3349969716,846441,0.0382085354074495,19.2322003860462,0.753557737344052,spring,urban,274,102.51008039090517,7.050260999772554,1.5420420421930188
EHI01584,AAQ19E1L1I1,Lissotriton helveticus,Aia,Faecal,Urodela,Male,recIUTmSxiyqoU5lQ,43.260047,-2.151175,0.6744,38479706,8792,0.03372035372131998,5659141508,1124632,0.05241826889176515,18.6932412494968,0.874794870657568,spring,protected,283,94.06173178552176,6.381138219814775,1.5321657020614805
EHI02637,AGP16E1L1I1,Lissotriton helveticus,Zarautz,Faecal,Urodela,Male,recIUTmSxiyqoU5lQ,43.288526,-2.189324,0.677,47765216,1688,0.01859110632441152,7042522809,313024,0.03529495561465734,18.5099056050031,0.908863087497833,autumn,protected,212,68.08154570504745,3.3069774882278096,1.4265806900667861
EHI01445,AAQ15E1L1I1,Lissotriton helveticus,Aia,Faecal,Urodela,Male,recIUTmSxiyqoU5lQ,43.260047,-2.151175,0.7390000000000001,23851538,2771,0.05663547897678644,3548815093,493809,0.06412964723737924,18.7372141265382,0.868970518326558,spring,protected,216,96.28446439643903,5.414103555269265,1.4630195255811411
EHI01443,AAP46E1L1I1,Lissotriton helveticus,Irun,Faecal,Urodela,Male,recIUTmSxiyqoU5lQ,43.326249,-1.77319,0.7086,18447266,10217,0.02107541648933741,2741501491,1670709,0.02953687793698789,18.8080158693295,0.777984604109689,spring,natural,201,71.68012991704137,7.920495690553029,1.6156836923414013
EHI02638,AGO35E1L1I1,Lissotriton helveticus,Usurbil,Faecal,Urodela,Male,recIUTmSxiyqoU5lQ,43.294316,-2.046839,0.6716,35881840,11667,0.03100265234568511,5284832767,1869868,0.04820919047033678,18.5069187549103,0.768160785638092,autumn,natural,166,38.49839994442479,6.529278309081664,1.7305445132916193
EHI02622,AGP08E1L1I1,Lissotriton helveticus,Aia,Faecal,Urodela,Male,recIUTmSxiyqoU5lQ,43.260047,-2.151175,0.6409999999999999,31055956,1900,0.02725683093382791,4583173134,285185,0.04290441195739925,18.8913194068009,0.86613572447034,autumn,protected,142,74.18615747906787,4.133452130589327,1.5245446342423516
EHI02595,AGP25E1L1I1,Lissotriton helveticus,Oñati,Faecal,Urodela,Male,recIUTmSxiyqoU5lQ,43.064204,-2.3987,0.629,24081746,2569,0.02954796091296152,3545906986,390443,0.04726964255217147,18.3873526701312,0.83073773200546,autumn,natural,201,72.011861339937,4.869509705844717,1.4176593758948872
EHI02614,AGO48E1L1I1,Lissotriton helveticus,Orio,Faecal,Urodela,Male,recIUTmSxiyqoU5lQ,43.284951,-2.123305,0.5771999999999999,23112026,5303,0.03301809390474908,3403427978,783821,0.05047666118381733,19.1938644039657,0.783411258772499,autumn,urban,173,77.2652154145886,4.601311213210207,1.5174656858509417
EHI02580,AGO11E1L1I1,Lissotriton helveticus,Irun,Faecal,Urodela,Male,recIUTmSxiyqoU5lQ,43.326249,-1.77319,0.5752,24821198,15002,0.02216489963609902,3659436982,2285096,0.03830578587280053,18.6994298781546,0.824400896831484,autumn,natural,169,64.15852331508411,6.5546086594293085,1.5981092441144291
EHI02574,AGO40E1L1I1,Lissotriton helveticus,Donostia,Faecal,Urodela,Male,recIUTmSxiyqoU5lQ,43.280226,-2.009986,0.7701,25761760,7677,0.03223016862913419,3805436605,1105944,0.04668598192262341,18.5763886618155,0.754834329426597,autumn,urban,172,14.991247107557085,3.5463744709645044,1.4760316017369925
EHI02627,AGP32E1L1I1,Lissotriton helveticus,Irun,Faecal,Urodela,Male,recIUTmSxiyqoU5lQ,43.326249,-1.77319,0.5466,21281034,10295,0.03206493000504773,3129695336,1572916,0.050527226990758727,21.7119897569231,0.368028570221743,autumn,natural,69,37.37969084895985,6.7702784963831535,1.5931432573773967
EHI02629,AGO39E1L1I1,Lissotriton helveticus,Donostia,Faecal,Urodela,Male,recIUTmSxiyqoU5lQ,43.280226,-2.009986,0.5553,26781732,7369,0.01795299049177423,3935235735,1035638,0.03775117295936703,19.53372944414,0.774633274061245,autumn,urban,256,140.74486692218235,7.551827785210951,1.5076505818441672
EHI02618,AGO47E1L1I1,Lissotriton helveticus,Orio,Faecal,Urodela,Male,recIUTmSxiyqoU5lQ,43.284951,-2.123305,0.6968000000000001,24130374,4661,0.02652891491082853,3546048534,675857,0.04611683144819856,18.2712816544918,0.848597964852427,autumn,urban,99,34.339127835256065,3.83026057720155,1.601914707506833
EHI01441,AAP02E1L1I1,Lissotriton helveticus,Orio,Faecal,Urodela,Male,recIUTmSxiyqoU5lQ,43.284951,-2.123305,0.6575,21460146,9488,0.02174518923905144,3190616931,1532668,0.02991163188719448,19.1814934201065,0.802544923814953,spring,urban,188,92.0858417160793,6.253145257902739,1.5408742092236374
EHI02605,AGP52E1L1I1,Lissotriton helveticus,Zarautz,Faecal,Urodela,Male,recIUTmSxiyqoU5lQ,43.288526,-2.189324,0.7184,32428368,4165,0.03162380702023559,4789165715,578456,0.04645746677518125,18.0837496627791,0.921113571615573,autumn,protected,130,45.75254442592225,3.3210698931725764,1.4752304889182084
EHI02573,AGO36E1L1I1,Lissotriton helveticus,Usurbil,Faecal,Urodela,Male,recIUTmSxiyqoU5lQ,43.294316,-2.046839,0.5513,29330596,5367,0.03529067222987525,4321892488,919831,0.05212578102426912,18.5399411929842,0.843444272160971,autumn,natural,91,41.62328591356658,2.999435478046879,1.4623511345535607
EHI02577,AGO98E1L1I1,Lissotriton helveticus,Aia,Faecal,Urodela,Male,recIUTmSxiyqoU5lQ,43.260047,-2.151175,0.6854,25653684,1164,0.01928770677633362,3784823034,159264,0.03536176473196795,18.0639189505693,0.871961858524465,autumn,protected,134,42.62825065230347,3.39724294918845,1.45059478040982
EHI02576,AGO08E1L1I1,Lissotriton helveticus,Donostia,Faecal,Urodela,Male,recIUTmSxiyqoU5lQ,43.280226,-2.009986,0.6859999999999999,38115610,10380,0.02785094248871988,5609125640,1466596,0.04600207031406023,18.3244184740686,0.87651647635783,autumn,urban,223,80.15719971070335,6.355672703650713,1.5536346875141862
EHI02631,AGO05E1L1I1,Lissotriton helveticus,Irun,Faecal,Urodela,Male,recIUTmSxiyqoU5lQ,43.326249,-1.77319,0.56,37972038,21856,0.03023695272621851,5582505514,3383238,0.04895131906064487,21.5272013759681,0.504352088974344,autumn,natural,80,38.803664464979875,8.003798287437776,1.6610973925749912
EHI02621,AGO49E1L1I1,Lissotriton helveticus,Usurbil,Faecal,Urodela,Male,recIUTmSxiyqoU5lQ,43.294316,-2.046839,0.4581,29548092,5621,0.02055339820307178,4342572145,880545,0.04016814863799511,19.0412814230854,0.849953221930552,autumn,natural,193,86.76714317179514,6.51626744315537,1.5367716382389167
EHI02623,AGO21E1L1I1,Lissotriton helveticus,Donostia,Faecal,Urodela,Male,recIUTmSxiyqoU5lQ,43.280226,-2.009986,0.731,22354912,1542,0.02544277898864666,3297503542,230072,0.0415737694112247,18.6872848072838,0.849294183935434,autumn,urban,176,70.91566634737814,4.626085737399882,1.5912730383162177
EHI01442,AAO97E1L1I1,Lissotriton helveticus,Usurbil,Faecal,Urodela,Male,recIUTmSxiyqoU5lQ,43.294316,-2.046839,0.6208,21707600,21906,0.01822513107759149,3222187443,3948668,0.02727175198152609,19.2305829733327,0.742378842934791,spring,natural,177,67.78377132648866,8.805401785594787,1.5203913286871524
EHI02600,AGP23E1L1I1,Lissotriton helveticus,Irun,Faecal,Urodela,Male,recIUTmSxiyqoU5lQ,43.326249,-1.77319,0.5573,22949236,2407,0.0285252268014049,3377697245,372951,0.04667560537874882,21.3790840780384,0.450820978558634,autumn,natural,43,5.5586742309072275,2.4932761645084827,1.2464058712087085
EHI01621,AGO79E1L1I1,Lissotriton helveticus,Donostia,Faecal,Urodela,Male,recIUTmSxiyqoU5lQ,43.280226,-2.009986,0.6806,25293086,6238,0.0231368212478934,3738539422,908440,0.03717326143302857,19.4008238316733,0.802974188280464,spring,urban,317,173.27308784963435,6.993903631708964,1.5661823857572448
EHI02575,AGO89E1L1I1,Lissotriton helveticus,Aia,Faecal,Urodela,Male,recIUTmSxiyqoU5lQ,43.260047,-2.151175,0.7595000000000001,26241360,3224,0.02754823448006282,3879260126,451116,0.04150495071128224,18.3530058884904,0.892320112753197,autumn,protected,132,56.403271199694096,5.727829944861399,1.5547745603331025
EHI02601,AGO10E1L1I1,Lissotriton helveticus,Donostia,Faecal,Urodela,Male,recIUTmSxiyqoU5lQ,43.280226,-2.009986,0.6217,30549734,4047,0.0250652637526193,4495326883,546487,0.04348689949693785,19.3971500969565,0.837358176193098,autumn,urban,330,183.63252068150663,7.652398870198408,1.5336341731856074
